{"cameraMode":{"drawMode":0,"name":"Shaded","section":"Shading Mode"},"sceneLighting":true,"audioPlay":false,"sceneViewState":{"showFog":false,"showMaterialUpdate":false,"showSkybox":false,"showFlares":false,"showImageEffects":false,"showParticleSystems":false},"in2DMode":false,"pivot":{"x":-7.547707557678223,"y":-3.917320489883423,"z":1.5008933544158936},"rotation":{"x":0.24586190283298493,"y":-0.41159284114837649,"z":0.11620379239320755,"w":0.869879424571991},"size":12.131168365478516,"orthographic":false}