{"cameraMode":{"drawMode":0,"name":"Shaded","section":"Shading Mode"},"sceneLighting":true,"audioPlay":false,"sceneViewState":{"showFog":false,"showMaterialUpdate":false,"showSkybox":false,"showFlares":false,"showImageEffects":false,"showParticleSystems":false},"in2DMode":false,"pivot":{"x":5.08153772354126,"y":1.5317301750183106,"z":-15.65085506439209},"rotation":{"x":0.06684359908103943,"y":0.015541053377091885,"z":-0.001159491715952754,"w":0.9976704716682434},"size":0.6802862882614136,"orthographic":false}