{"cameraMode":{"drawMode":0,"name":"Shaded","section":"Shading Mode"},"sceneLighting":true,"audioPlay":false,"sceneViewState":{"showFog":false,"showMaterialUpdate":false,"showSkybox":false,"showFlares":false,"showImageEffects":false,"showParticleSystems":false},"in2DMode":false,"pivot":{"x":-2.873849868774414,"y":3.670086622238159,"z":0.9375581741333008},"rotation":{"x":0.1247708797454834,"y":0.7365374565124512,"z":-0.14165182411670686,"w":0.6495645642280579},"size":8.75802230834961,"orthographic":false}