{"cameraMode":{"drawMode":0,"name":"Shaded","section":"Shading Mode"},"sceneLighting":true,"audioPlay":false,"sceneViewState":{"showFog":false,"showMaterialUpdate":false,"showSkybox":false,"showFlares":false,"showImageEffects":false,"showParticleSystems":false},"in2DMode":false,"pivot":{"x":-3.106441020965576,"y":2.878993272781372,"z":-2.1110422611236574},"rotation":{"x":0.0917409211397171,"y":0.6437523365020752,"z":-0.07829736173152924,"w":0.7557060718536377},"size":3.7187042236328127,"orthographic":false}